{
    "name": "final_design",
    "pretty_name": "Final Design",
    "Contingency": 1.2,
    "Contingency_C2W": 1.12,
    "Weights": {
        "MTOW_N": 31197.1734,
        "W_L_N": 28787.1507,
        "OEW_N": 21370.692600000002,
        "MFW_N": 1390,
        "Wbat_N": 6503.049,
        "Ww_N": 2972.6262,
        "Wpl_des_kg": 630,
        "Wpl_max_kg": 720,
        "W_Pilot_N": 882.9,
        "Wptr_N": 1528.7904,
        "Wfuel_N": 2410.0227
    },
    "Iterations Class I": {
        "MTOW_kg": 2650,
        "A": 0.3632,
        "B": -81.896,
        "Aw": 0.09,
        "Bw": 14.018,
        "Wpl_des_kg": 630
    },
    "Power_prop": {
        "E_bat_Wh": 249087.4015150818,
        "E_fuel_Wh/kg": 11972,
        "E_bat_Wh/kg": 350,
        "P_ptr_kW/kg": 1.5,
        "eta_bat": 0.97,
        "eta_generator": 0.4,
        "DoD_bat": 0.8,
        "eta_electricmotor": 0.925,
        "eta_powertrain": 0.9216,
        "eta_p": 0.8500000000000001,
        "bat": 0.134,
        "P_req_cruise_W": 229022.7649103311,
        "K_n": 0.24,
        "int_fueltanks_fraction": 0,
        "N_e": 1,
        "N_t": 2,
        "P_req_TO_W": 286278.4561379139
    },
    "Geometry": {
        "fus_height_m": 1.8,
        "fus_length_m": 12.05,
        "fus_width_m": 1.6,
        "MGC_m": 1.93,
        "XLEMAC_m": 3.4496441596930283,
        "tail_length_m": 5.2,
        "l_f_nonosecone": 9.5,
        "fuselage_max_perimeter": 6.8,
        "w_engine": 0.85,
        "h_engine": 0.75,
        "l_engine": 1.1,
        "s_engine": 0.1,
        "h_battery": 0.2286,
        "h_tail": 2.52,
        "volume_battery": 0.7,
        "w_aisle": 0.381,
        "h_aisle": 1.524,
        "w_motor": 0.54,
        "l_motor": 0.176
    },
    "Aero": {
        "CLmax_clean": 1.8,
        "CLmax_TO": 2.6000000000000005,
        "CLalpha": 6.24,
        "CD0": 0.028,
        "AR": 11.5,
        "AR_HS": 5,
        "AR_v": 2,
        "e": 0.82,
        "Taper_Wing": 0.4,
        "Taper_HS": 0.4,
        "QuarterChordSweep_Wing_deg": 0,
        "QuarterChordSweep_HS_deg": 30,
        "QuarterChordSweep_v_deg": 25,
        "HalfChordSweep_Wing_deg": 3.297,
        "HalfChordSweep_v_deg": 28.23,
        "deda": 0,
        "VhV": 1,
        "S_Wing": 34.56750132216052,
        "S_h": 4.15285948116792,
        "S_v": 3.168,
        "tc_m_Wing": 0.1367,
        "tc_m_HP": 0.12,
        "b_Wing": 19.938060718255574,
        "b_h": 4.556785863505064,
        "b_v": 2.518,
        "t_root_max_Wing": 0.46,
        "t_root_max_h": 0.3,
        "t_root_max_v": 0.3,
        "CLmax_Land": 2.8000000000000007,
        "MAC": 1.8398920272392012,
        "c_root_wing": 2.4767777289758475,
        "c_tip_wing": 0.990711091590339,
        "c_root_HS": 1.3019388181443043,
        "c_tip_HS": 0.5207755272577218,
        "MAC_wing": 1.8398920272392012,
        "MAC_HS": 0.9671545506214833
    },
    "Performance": {
        "W/S_N/m2": 902.5001,
        "W/P_N/W": 0.1245321433859988,
        "Vc_m/s": 60.0,
        "VH_m/s": 50,
        "M_D": 0.2556706628569902,
        "range_nm": 600,
        "endurance": 4.74871794871795,
        "climb_rate": 4.5,
        "CO2": 31.35,
        "CO2_emissions_kg/kg": 3.16,
        "Altitude_Cruise_m": 3000,
        "Altitude_TO_m": 750,
        "Altitude_Land_m": 750,
        "Temp_offset_TO_Land_cruise": 18,
        "n_ult": 5.445743422251001,
        "n_ult_l": 5.265978724142152,
        "n_max": 3.5106524827614347,
        "n_min": -1.404260993104574,
        "P_cruise/P_TO": 0.8,
        "Vh_m/s": 66.66666666666667,
        "rho_kg/m3": 0.9
    },
    "Landing_gear": {
        "lm_m": 0.52408741978685,
        "ln_m": 4.125975432308192,
        "ymin_m": 1.5171489186750855,
        "Hs_m": 0.6495648133674914,
        "Dwm_m": 0.55626,
        "Dwn_m": 0.329565,
        "Wtm_m": 0.2286,
        "Wtn_m": 0.127,
        "l_s_m": 0.6495648133674914,
        "l_s_n": 0.6495648133674914,
        "Retractable": true,
        "PMW_N": 13840.540988372404,
        "PNW_N": 3516.091423255191,
        "Xnw_m": 0.2,
        "Xmw_m": 4.850944425721617
    },
    "Stability": {
        "Cg_Aft": 0.4784823387859152,
        "Cg_Front": 0.21216236307774494,
        "Stability_Margin": 0.05,
        "X_cg_HS": 0.95,
        "C_L_h": -0.5,
        "C_L_AH": 1.72,
        "QCW_to_QCh": 6
    },
    "General": {
        "Paint": true,
        "N_pax": 7,
        "N_row": 3,
        "PoweredFlightControls": false,
        "DuplicatedFlightControls": false,
        "APU": false,
        "NacWght": false,
        "HydrPne": false
    },
    "CL2Weight": {
        "MTOW_N": 35650.86974808906,
        "Total Powerplant Weight": 5490.173046467871,
        "Total Structures Weight": 8585.436833511756,
        "Wing Weight": 4370.5531965284035,
        "Empennage Weight": 481.74607058883896,
        "Fuselage Weight": 3162.156808856044,
        "Nacelle Weight": 0.0,
        "Landing Gear Weight": 557.2238176925676,
        "Total Fixed Equipment Weight": 3984.7055049617466,
        "Flight Control Systems Weight": 730.4809274764984,
        "Hydraulics and/or Pneumatics Weight": 0.0,
        "Instruments, Avionics and Electronics Weight": 426.11114872982523,
        "Electrical System Weight": 847.3213956400078,
        "Airconditioning, Pressurization and Anti or Deicing Weight": 468.2801570855804,
        "Oxygen System Weight": 117.07719291469601,
        "APU Weight": 0.0,
        "Furnishings Weight": 1079.4013012743517,
        "Auxiliary Gear Weight": 188.4410453858199,
        "Paint Weight": 127.59233645496668,
        "OEW": 26006.80627944255,
        "Wbat_N": 6981.564025322721,
        "Wfuel_N": 2722.1274686465113,
        "Wpl": 705.6
    }
}