{
    "name": "final_design",
    "pretty_name": "Final Design",
    "Contingency": 1.2,
    "Contingency_C2W": 1.12,
    "Weights": {
        "MTOW_N": 31164.211800000005,
        "W_L_N": 28810.694700000004,
        "OEW_N": 10366.227,
        "MFW_N": 1390,
        "WF_N": 1922,
        "Wbat_N": 6562.497600000001,
        "Ww_N": 2972.6262,
        "Wpl_des_kg": 630,
        "Wpl_max_kg": 720,
        "W_Pilot_N": 882.9,
        "Wptr_N": 1492.9839,
        "Wfuel_N": 2353.5171
    },
    "Iterations Class I": {
        "MTOW_kg": 2650,
        "A": 0.3632,
        "B": -81.896,
        "Aw": 0.09,
        "Bw": 14.018,
        "Wpl_des_kg": 630
    },
    "Power_prop": {
        "E_bat_Wh": 328590.8704464624,
        "E_fuel_Wh/kg": 11972,
        "E_bat_Wh/kg": 350,
        "P_ptr_kW/kg": 1.5,
        "eta_bat": 0.97,
        "eta_generator": 0.4,
        "DoD_bat": 0.8,
        "eta_electricmotor": 0.925,
        "eta_powertrain": 0.9216,
        "eta_p": 0.8500000000000001,
        "bat": 0.14400000000000002,
        "P_req_cruise_W": 196419.2666744709,
        "K_n": 0.24,
        "int_fueltanks_fraction": 0,
        "N_e": 1,
        "N_t": 2,
        "P_req_TO_W": 245524.0833430886
    },
    "Geometry": {
        "fus_height_m": 1.8,
        "fus_length_m": 12.05,
        "fus_width_m": 1.6,
        "MGC_m": 1.93,
        "XLEMAC_m": 4.414741308900578,
        "tail_length_m": 5.0,
        "l_f_nonosecone": 9.5,
        "fuselage_max_perimeter": 6.8
    },
    "Aero": {
        "CLmax_clean": 1.6,
        "CLmax_TO": 2.6000000000000005,
        "CLalpha": 6.24,
        "CD0": 0.028,
        "AR": 12.5,
        "AR_HS": 5,
        "AR_v": 2,
        "e": 0.82,
        "Taper_Wing": 0.4,
        "Taper_HS": 0.4,
        "QuarterChordSweep_Wing_deg": 0,
        "QuarterChordSweep_HS_deg": 30,
        "QuarterChordSweep_v_deg": 25,
        "HalfChordSweep_Wing_deg": 3.297,
        "HalfChordSweep_v_deg": 28.23,
        "deda": 0,
        "VhV": 1,
        "S_Wing": 41.67,
        "S_h": 5.1,
        "S_v": 3.168,
        "tc_m_Wing": 0.1367,
        "tc_m_HP": 0.12,
        "b_Wing": 17.61,
        "b_h": 5.051,
        "b_v": 2.518,
        "t_root_max_Wing": 0.46,
        "t_root_max_h": 0.3,
        "t_root_max_v": 0.3,
        "CLmax_Land": 2.2
    },
    "Performance": {
        "W/S_N/m2": 885.7001,
        "W/P_N/W": 0.126929469684416,
        "Vc_m/s": 60.0,
        "VH_m/s": 50,
        "M_D": 0.2556706628569902,
        "range_nm": 600,
        "endurance": 4.74871794871795,
        "climb_rate": 4.5,
        "CO2": 33.09,
        "CO2_emissions_kg/kg": 3.16,
        "Altitude_Cruise_m": 3000,
        "Altitude_TO_m": 750,
        "Altitude_Land_m": 750,
        "Temp_offset_TO_Land_cruise": 18,
        "n_ult": 5.442145450113563,
        "n_ult_l": 5.422118263372468,
        "P_cruise/P_TO": 0.8,
        "Vh_m/s": 66.66666666666667
    },
    "Landing_gear": {
        "lm_m": 0.4617776555316745,
        "ln_m": 5.057904904386497,
        "ymin_m": 1.2623148427074466,
        "Hs_m": 0.4322469408246774,
        "Dwm_m": 0.55626,
        "Dwn_m": 0.329565,
        "Wtm_m": 0.2286,
        "Wtn_m": 0.127,
        "l_s_m": 1.4181330079549783,
        "l_s_n": 1.4181330079549783,
        "Retractable": true,
        "PMW_N": 14278.504061916228,
        "PNW_N": 2607.203676167546,
        "Xnw_m": 0.19999814631135315,
        "Xmw_m": 5.719680706229525
    },
    "Stability": {
        "Cg_Aft": 0.47473654093498496,
        "Cg_Front": 0.2163791751609053,
        "Stability_Margin": 0.05,
        "XLEMAC_m": 4.414741308900578,
        "X_cg_HS": 0.95,
        "C_L_h": -0.5,
        "C_L_AH": 1.72,
        "QCW_to_QCh": 6
    },
    "General": {
        "Paint": true,
        "N_pax": 7,
        "N_row": 3,
        "PoweredFlightControls": false,
        "DuplicatedFlightControls": false,
        "APU": false
    },
    "CL2Weight": {
        "MTOW_N": 37851.22810356046,
        "Wbat_N": 748.4780582288033,
        "Wfuel_N": 268.4311952784922,
        "Wpl": 705.6,
        "Total Structures Weight": 10232.43256882885,
        "Wing Weight": 5538.37500108821,
        "Empennage Weight": 533.8481438812039,
        "Fuselage Weight": 3160.007443193386,
        "Nacelle Weight": 293.76465995179086,
        "Landing Gear Weight": 646.2838833328336,
        "Total Powerplant Weight": 3985.6065673088,
        "Total Fixed Equipment Weight": 5460.437662635317,
        "Flight Control Systems Weight": 848.2867973488612,
        "Hydraulics and/or Pneumatics Weight": 314.13525480745983,
        "Instruments, Avionics and Electronics Weight": 1150.843896310416,
        "Electrical System Weight": 1013.6959978981714,
        "Airconditioning, Pressurization and Anti or Deicing Weight": 603.8140469765856,
        "Oxygen System Weight": 117.07719291469601,
        "APU Weight": 0.0,
        "Furnishings Weight": 1149.3035866215623,
        "Auxiliary Gear Weight": 106.21326235383397,
        "Paint Weight": 157.0676274037299,
        "OEW": 20569.39899829243
    }
}