{
    "name": "final_design",
    "pretty_name": "Final Design",
    "Contingency": 1.2,
    "Contingency_C2W": 1.12,
    "Weights": {
        "MTOW_N": 31197.1734,
        "W_L_N": 28787.1507,
        "OEW_N": 21370.692600000002,
        "MFW_N": 1390,
        "WF_N": 1922,
        "Wbat_N": 6503.049,
        "Ww_N": 2972.6262,
        "Wpl_des_kg": 630,
        "Wpl_max_kg": 720,
        "W_Pilot_N": 882.9,
        "Wptr_N": 1528.7904,
        "Wfuel_N": 2410.0227
    },
    "Iterations Class I": {
        "MTOW_kg": 2650,
        "A": 0.3632,
        "B": -81.896,
        "Aw": 0.09,
        "Bw": 14.018,
        "Wpl_des_kg": 630
    },
    "Power_prop": {
        "E_bat_Wh": 166547.356561833,
        "E_fuel_Wh/kg": 11972,
        "E_bat_Wh/kg": 350,
        "P_ptr_kW/kg": 1.5,
        "eta_bat": 0.97,
        "eta_generator": 0.4,
        "DoD_bat": 0.8,
        "eta_electricmotor": 0.925,
        "eta_powertrain": 0.9216,
        "eta_p": 0.8500000000000001,
        "bat": 0.14,
        "P_req_cruise_W": 240642.00752630096,
        "P_TO": 230000,
        "K_n": 0.24,
        "int_fueltanks_fraction": 0,
        "N_e": 1,
        "N_t": 2,
        "P_req_TO_W": 300802.5094078762
    },
    "Geometry": {
        "fus_height_m": 1.8,
        "fus_length_m": 12.05,
        "fus_width_m": 1.6,
        "MGC_m": 1.93,
        "XLEMAC_m": 3.676126018423257,
        "tail_length_m": 5.0,
        "l_f_nonosecone": 9.5,
        "fuselage_max_perimeter": 6.8
    },
    "Aero": {
        "CLmax_clean": 1.8,
        "CLmax_TO": 2.6000000000000005,
        "CLalpha": 6.24,
        "CD0": 0.028,
        "AR": 11.5,
        "AR_HS": 5,
        "AR_v": 2,
        "e": 0.82,
        "Taper_Wing": 0.4,
        "Taper_HS": 0.4,
        "QuarterChordSweep_Wing_deg": 0,
        "QuarterChordSweep_HS_deg": 30,
        "QuarterChordSweep_v_deg": 25,
        "HalfChordSweep_Wing_deg": 3.297,
        "HalfChordSweep_v_deg": 28.23,
        "deda": 0,
        "VhV": 1,
        "S_Wing": 0,
        "S_h": 5.1,
        "S_v": 3.168,
        "tc_m_Wing": 0.1367,
        "tc_m_HP": 0.12,
        "b_Wing": 17.61,
        "b_h": 5.051,
        "b_v": 2.518,
        "t_root_max_Wing": 0.46,
        "t_root_max_h": 0.3,
        "t_root_max_v": 0.3,
        "CLmax_Land": 2.8000000000000007,
        "MAC": 1.8398920272392012,
        "c_root_wing": 2.4767777289758475,
        "c_tip_wing": 0.990711091590339,
        "c_root_HS": 1.762126698242922,
        "c_tip_HS": 0.7048506792971688,
        "MAC_wing": 1.8398920272392012,
        "MAC_HS": 1.3090084044090278
    },
    "Performance": {
        "W/S_N/m2": 902.5001,
        "W/P_N/W": 0.1245321433859988,
        "Vc_m/s": 60.0,
        "VH_m/s": 50,
        "M_D": 0.2556706628569902,
        "range_nm": 600,
        "endurance": 4.74871794871795,
        "climb_rate": 4.5,
        "CO2": 31.35,
        "CO2_emissions_kg/kg": 3.16,
        "Altitude_Cruise_m": 3000,
        "Altitude_TO_m": 750,
        "Altitude_Land_m": 750,
        "Temp_offset_TO_Land_cruise": 18,
        "n_ult": 5.445743422251001,
        "n_ult_l": 5.265978724142152,
        "n_max": 3.4028432640375925,
        "n_min": -1.361137305615037,
        "P_cruise/P_TO": 0.8,
        "Vh_m/s": 66.66666666666667,
        "rho_kg/m3": 0.9
    },
    "Landing_gear": {
        "lm_m": 0.5383982999926125,
        "ln_m": 4.157894265293475,
        "ymin_m": 1.565262703308647,
        "Hs_m": 0.6994768950084208,
        "Dwm_m": 0.55626,
        "Dwn_m": 0.329565,
        "Wtm_m": 0.2286,
        "Wtn_m": 0.127,
        "l_s_m": 0.6994768950084208,
        "l_s_n": 0.6994768950084208,
        "Retractable": true,
        "PMW_N": 13810.313834794513,
        "PNW_N": 3576.5457304109723,
        "Xnw_m": 0.2,
        "Xmw_m": 4.897353053416985
    },
    "Stability": {
        "Cg_Aft": 0.3716924533897303,
        "Cg_Front": 0.10537247768156002,
        "Stability_Margin": 0.05,
        "XLEMAC_m": 3.676126018423257,
        "X_cg_HS": 0.95,
        "C_L_h": -0.5,
        "C_L_AH": 1.72,
        "QCW_to_QCh": 6
    },
    "General": {
        "Paint": true,
        "N_pax": 7,
        "N_row": 3,
        "PoweredFlightControls": false,
        "DuplicatedFlightControls": false,
        "APU": false,
        "NacWght": false,
        "HydrPne": false
    },
    "CL2Weight": {
        "MTOW_N": 37459.58123244989,
        "Wbat_N": 7688.751871890776,
        "Wfuel_N": 2849.501569606751,
        "Wpl": 705.6,
        "Total Structures Weight": 9413.738414887765,
        "Wing Weight": 4947.595158525542,
        "Empennage Weight": 548.8967423752385,
        "Fuselage Weight": 3212.332577902024,
        "Nacelle Weight": 0.0,
        "Landing Gear Weight": 658.9279252796214,
        "Total Powerplant Weight": 4384.16722403968,
        "Total Fixed Equipment Weight": 5070.792740794847,
        "Flight Control Systems Weight": 756.4952577385125,
        "Hydraulics and/or Pneumatics Weight": 0.0,
        "Instruments, Avionics and Electronics Weight": 1150.843896310416,
        "Electrical System Weight": 1057.903543755419,
        "Airconditioning, Pressurization and Anti or Deicing Weight": 559.3392860362933,
        "Oxygen System Weight": 117.07719291469601,
        "APU Weight": 0.0,
        "Furnishings Weight": 1095.1709141526287,
        "Auxiliary Gear Weight": 199.99391782259536,
        "Paint Weight": 133.96873206428592,
        "OEW": 19781.754586424926
    }
}