{
    "name": "final_design",
    "pretty_name": "Final Design",
    "Contingency": 1.2,
    "Contingency_C2W": 1.12,
    "Weights": {
        "MTOW_N": 31187.265300000003,
        "W_L_N": 28676.592000000004,
        "OEW_N": 21260.1339,
        "MFW_N": 1390,
        "Wbat_N": 6328.627200000001,
        "Ww_N": 2972.6262,
        "Wpl_des_kg": 630,
        "Wpl_max_kg": 720,
        "W_Pilot_N": 882.9,
        "Wptr_N": 1592.6535000000001,
        "Wfuel_N": 2510.6733000000004
    },
    "Iterations Class I": {
        "MTOW_kg": 2650,
        "A": 0.3632,
        "B": -81.896,
        "Aw": 0.09,
        "Bw": 14.018,
        "Wpl_des_kg": 630
    },
    "Power_prop": {
        "E_bat_Wh": 256456.82179894418,
        "E_fuel_Wh/kg": 11972,
        "E_bat_Wh/kg": 350,
        "P_ptr_kW/kg": 1.5,
        "eta_bat": 0.97,
        "eta_generator": 0.4,
        "DoD_bat": 0.8,
        "eta_electricmotor": 0.925,
        "eta_powertrain": 0.9216,
        "eta_p": 0.8500000000000001,
        "bat": 0.131,
        "P_req_cruise_W": 238542.0231279792,
        "K_n": 0.24,
        "int_fueltanks_fraction": 0,
        "N_e": 1,
        "N_t": 2,
        "P_req_TO_W": 298177.528909974,
        "Dp_m": 2.286
    },
    "Geometry": {
        "fus_height_m": 2.2,
        "fus_length_m": 12.05,
        "fus_width_m": 1.8,
        "XLEMAC_m": 3.2128997460980817,
        "tail_length_m": 4.7,
        "l_f_nonosecone": 9.5,
        "fuselage_max_perimeter": 6.8,
        "w_engine": 0.85,
        "h_engine": 0.75,
        "l_engine": 1.1,
        "s_engine": 0.1,
        "h_battery": 0.2286,
        "h_tail": 2.52,
        "volume_battery": 0.7,
        "w_aisle": 0.381,
        "h_aisle": 1.524,
        "w_motor": 0.54,
        "l_motor": 0.176,
        "l_empty": 0.32
    },
    "Aero": {
        "CLmax_clean": 2.2,
        "CLmax_TO": 2.4000000000000004,
        "CLalpha": 6.24,
        "CD0": 0.028,
        "AR": 11.0,
        "AR_HS": 5,
        "AR_v": 1.7000000000000002,
        "e": 0.82,
        "Taper_Wing": 0.4,
        "Taper_HS": 0.4,
        "Taper_v": 0.45,
        "QuarterChordSweep_Wing_deg": 0,
        "QuarterChordSweep_HS_deg": 0,
        "QuarterChordSweep_v_deg": 25,
        "HalfChordSweep_Wing_deg": 3.297,
        "HalfChordSweep_v_deg": 28.23,
        "deda": 0,
        "VhV": 0.85,
        "S_Wing": 36.27269326905173,
        "S_h": 7.681389499048662,
        "S_v": 7.818926489107538,
        "tc_m_Wing": 0.1367,
        "tc_m_HP": 0.12,
        "b_Wing": 19.974974992714486,
        "b_h": 6.197333902190788,
        "b_v": 3.645843528112913,
        "t_root_max_Wing": 0.46,
        "t_root_max_h": 0.3,
        "t_root_max_v": 0.3,
        "CLmax_Land": 2.6000000000000005,
        "c_root_wing": 2.5941525964564263,
        "c_tip_wing": 1.0376610385825706,
        "c_root_HS": 1.7706668291973688,
        "c_tip_HS": 0.7082667316789476,
        "MAC_wing": 1.9270847859390599,
        "MAC_HS": 1.315352501689474,
        "Cm_0_wing": -0.20192,
        "cd_0_airfoil": 0.014,
        "cl_alpha_airfoil_deg": 0.123,
        "c_root_v": 2.958088055264027,
        "c_tip_v": 1.3311396248688123,
        "MAC_v": 2.247466901758071,
        "MAC_y": 0.7962187015419006
    },
    "Flaps": {
        "cprime_c": 1.075,
        "Swf": 17.912441120519386,
        "delta_f": 45,
        "mu1_land": 0.19,
        "mu2_land": 0.75,
        "mu1_takeoff": 0.215,
        "mu2_takeoff": 0.75,
        "CL0": 1.4,
        "deflection_landing": 25,
        "deflection_takeoff": 10,
        "flap_start": 0.1801002254362557,
        "flap_end": 0.6357955394002702,
        "cf_c": 0.25,
        "cprime_c_landing": 1.023611111111111,
        "cprime_c_takeoff": 1.0094444444444444,
        "AoA_landing": 8.191806993186429,
        "AoA_takeoff": 9.007883023181657,
        "CL_AoA0_landing": 1.6917095209063666,
        "CL_AoA0_takeoff": 1.408131497298854,
        "deltaCLmax_land": 0.40000000000000036,
        "deltaCLmax_takeoff": 0.20000000000000018,
        "Sprime_S_landing": 1.0116598079561043,
        "Sprime_S_takeoff": 1.0046639231824417
    },
    "Aileron": {
        "start": 0.6857955394002703,
        "end": 0.95,
        "roll_rate_deg": 9.546406618238855,
        "roll_rate_rad": 0.1665317598959445,
        "CL_delta_a": 8.362375397348743e-05,
        "CL_P": -0.0422333591307271,
        "turn_time": 6.29,
        "hinge_position": 0.3
    },
    "Performance": {
        "W/S_N/m2": 859.8001,
        "W/P_N/W": 0.12065176979161106,
        "Vc_m/s": 60.0,
        "V_takeoff_m/s": 30.0,
        "M_D": 0.2556706628569902,
        "range_nm": 600,
        "endurance": 4.74871794871795,
        "climb_rate": 4.5,
        "CO2": 26.51,
        "CO2_emissions_kg/kg": 3.16,
        "Altitude_Cruise_m": 3000,
        "Altitude_TO_m": 750,
        "Altitude_Land_m": 750,
        "Temp_offset_TO_Land_cruise": 18,
        "n_ult": 5.5967762355792035,
        "n_ult_l": 5.361950662119178,
        "n_max": 3.5108371924435433,
        "n_min": -1.4043348769774173,
        "P_cruise/P_TO": 0.8,
        "Vh_m/s": 66.66666666666667
    },
    "Landing_gear": {
        "lm_m": 0.32234895744964126,
        "ln_m": 3.7070130106708743,
        "ymin_m": 1.1954743182017853,
        "Hs_m": 0.333756,
        "Dwm_m": 0.55626,
        "Dwn_m": 0.43561,
        "Wtm_m": 0.2286,
        "Wtn_m": 0.1524,
        "l_s_m": 0.333756,
        "l_s_n": 0.333756,
        "Retractable": true,
        "PMW_N": 16548.79742453571,
        "PNW_N": 2878.0517260062106,
        "Xnw_m": 0.4,
        "Xmw_m": 5.4402888536399425,
        "Tipback_angle_deg": 15,
        "Scrape_angle_deg": 15,
        "Nose_gear_distance": 0.8
    },
    "Stability": {
        "Cg_Aft": 0.9465935368134661,
        "Cg_Front": 0.6503756082301093,
        "Stability_Margin": 0.05,
        "X_cg_HS": 0.95,
        "C_L_h": -0.5,
        "C_L_AH": 1.72,
        "QCW_to_QCh": 7.188158354765697,
        "Xcg_prop_m": -0.1,
        "Xcg_engine_m": 1.15,
        "Xcg_motor_m": 0.42,
        "Xcg_battery_m": 7.266400000000004,
        "i_H_deg": 0,
        "Elevator_deflection_deg": 25,
        "Hinge_chord_elevator": 0.7,
        "be_bh": 1.0
    },
    "General": {
        "Paint": true,
        "N_pax": 7,
        "N_row": 3,
        "PoweredFlightControls": false,
        "DuplicatedFlightControls": false,
        "APU": false,
        "NacWght": false,
        "HydrPne": false
    },
    "CL2Weight": {
        "MTOW_N": 35975.64657507763,
        "Total Powerplant Weight": 5490.173046467871,
        "Total Structures Weight": 9490.495332727294,
        "Wing Weight": 4368.625851461887,
        "Empennage Weight": 881.8097899842484,
        "Fuselage Weight": 3148.729022168932,
        "Nacelle Weight": 0.0,
        "Landing Gear Weight": 1081.5370181656633,
        "Total Fixed Equipment Weight": 4025.8112507371766,
        "Flight Control Systems Weight": 736.0914075261411,
        "Hydraulics and/or Pneumatics Weight": 0.0,
        "Instruments, Avionics and Electronics Weight": 428.544167446601,
        "Electrical System Weight": 862.2077414372081,
        "Airconditioning, Pressurization and Anti or Deicing Weight": 471.0563712829487,
        "Oxygen System Weight": 117.07719291469601,
        "APU Weight": 0.0,
        "Furnishings Weight": 1082.8193029368592,
        "Auxiliary Gear Weight": 199.05415770956876,
        "Paint Weight": 128.96090948315305,
        "OEW": 27165.780640829584,
        "Wbat_N": 7188.11834813612,
        "Wfuel_N": 2876.777934248051,
        "Wpl_w/o_pilot": 5933.088000000002,
        "W_pilot": 988.8480000000001,
        "Engine Weight": 3988.3536,
        "Propeller Weight": 988.848,
        "Electric Motor Weight": 384.552,
        "Passenger Mass": 84,
        "Luggage Mass": 16.8
    }
}