{
    "name": "final_design",
    "pretty_name": "Final Design",
    "Contingency": 1.2,
    "Contingency_C2W": 1.12,
    "Weights": {
        "MTOW_N": 31187.265300000003,
        "W_L_N": 28676.592000000004,
        "OEW_N": 21260.1339,
        "MFW_N": 1390,
        "Wbat_N": 6328.627200000001,
        "Ww_N": 2972.6262,
        "Wpl_des_kg": 630,
        "Wpl_max_kg": 720,
        "W_Pilot_N": 882.9,
        "Wptr_N": 1592.6535000000001,
        "Wfuel_N": 2510.6733000000004
    },
    "Iterations Class I": {
        "MTOW_kg": 2650,
        "A": 0.3632,
        "B": -81.896,
        "Aw": 0.09,
        "Bw": 14.018,
        "Wpl_des_kg": 630
    },
    "Power_prop": {
        "E_bat_Wh": 248430.04643562302,
        "E_fuel_Wh/kg": 11972,
        "E_bat_Wh/kg": 350,
        "P_ptr_kW/kg": 1.5,
        "eta_bat": 0.97,
        "eta_generator": 0.4,
        "DoD_bat": 0.8,
        "eta_electricmotor": 0.925,
        "eta_powertrain": 0.9216,
        "eta_p": 0.8500000000000001,
        "bat": 0.131,
        "P_req_cruise_W": 233554.1561296684,
        "K_n": 0.24,
        "int_fueltanks_fraction": 0,
        "N_e": 1,
        "N_t": 2,
        "P_req_TO_W": 291942.69516208547,
        "Dp_m": 2.286
    },
    "Geometry": {
        "fus_height_m": 1.8,
        "fus_length_m": 11.72,
        "fus_width_m": 1.6,
        "XLEMAC_m": 3.25596819153751,
        "tail_length_m": 5.5,
        "l_f_nonosecone": 9.5,
        "fuselage_max_perimeter": 6.8,
        "w_engine": 0.85,
        "h_engine": 0.75,
        "l_engine": 1.1,
        "s_engine": 0.1,
        "h_battery": 0.2286,
        "h_tail": 2.52,
        "volume_battery": 0.7,
        "w_aisle": 0.381,
        "h_aisle": 1.524,
        "w_motor": 0.54,
        "l_motor": 0.176,
        "l_empty": 0.32
    },
    "Aero": {
        "CLmax_clean": 2.2,
        "CLmax_TO": 2.4000000000000004,
        "CLalpha": 6.24,
        "CD0": 0.028,
        "AR": 11.0,
        "AR_HS": 5,
        "AR_v": 2,
        "e": 0.82,
        "Taper_Wing": 0.4,
        "Taper_HS": 0.4,
        "Taper_v": 0.45,
        "QuarterChordSweep_Wing_deg": 0,
        "QuarterChordSweep_HS_deg": 30,
        "QuarterChordSweep_v_deg": 25,
        "HalfChordSweep_Wing_deg": 3.297,
        "HalfChordSweep_v_deg": 28.23,
        "deda": 0,
        "VhV": 0.85,
        "S_Wing": 36.27269326905173,
        "S_h": 8,
        "S_v": 3.168,
        "tc_m_Wing": 0.1367,
        "tc_m_HP": 0.12,
        "b_Wing": 19.974974992714486,
        "b_h": 6.32,
        "b_v": 2.518,
        "t_root_max_Wing": 0.46,
        "t_root_max_h": 0.3,
        "t_root_max_v": 0.3,
        "CLmax_Land": 2.6000000000000005,
        "c_root_wing": 2.5941525964564263,
        "c_tip_wing": 1.0376610385825706,
        "c_root_HS": 1.392640121898623,
        "c_tip_HS": 0.5570560487594493,
        "MAC_wing": 1.9270847859390599,
        "MAC_HS": 1.0345326619818345,
        "Cm_0_wing": -0.20192
    },
    "Flaps": {
        "cprime_c": 1.075,
        "Swf": 17.912441120519386,
        "delta_f": 45,
        "mu1_land": 0.19,
        "mu2_land": 0.75,
        "mu1_takeoff": 0.215,
        "mu2_takeoff": 0.75,
        "CL0": 1.4,
        "deflection_landing": 25,
        "deflection_takeoff": 10,
        "flap_start": 0.1801002254362557,
        "flap_end": 0.6357955394002702,
        "cf_c": 0.25,
        "cprime_c_landing": 1.023611111111111,
        "cprime_c_takeoff": 1.0094444444444444,
        "AoA_landing": 8.191806993186429,
        "AoA_takeoff": 9.007883023181657,
        "CL_AoA0_landing": 1.6917095209063666,
        "CL_AoA0_takeoff": 1.408131497298854,
        "deltaCLmax_land": 0.40000000000000036,
        "deltaCLmax_takeoff": 0.20000000000000018,
        "Sprime_S_landing": 1.0116598079561043,
        "Sprime_S_takeoff": 1.0046639231824417
    },
    "Performance": {
        "W/S_N/m2": 859.8001,
        "W/P_N/W": 0.12065176979161106,
        "Vc_m/s": 60.0,
        "V_takeoff_m/s": 35.0,
        "M_D": 0.2556706628569902,
        "range_nm": 600,
        "endurance": 4.74871794871795,
        "climb_rate": 4.5,
        "CO2": 26.51,
        "CO2_emissions_kg/kg": 3.16,
        "Altitude_Cruise_m": 3000,
        "Altitude_TO_m": 750,
        "Altitude_Land_m": 750,
        "Temp_offset_TO_Land_cruise": 18,
        "n_ult": 5.5967762355792035,
        "n_ult_l": 5.361950662119178,
        "n_max": 3.5108371924435433,
        "n_min": -1.4043348769774173,
        "P_cruise/P_TO": 0.8,
        "Vh_m/s": 66.66666666666667
    },
    "Landing_gear": {
        "lm_m": 0.5257480767759392,
        "ln_m": 4.106314312381003,
        "ymin_m": 1.5246236645560751,
        "Hs_m": 0.6553566896200518,
        "Dwm_m": 0.55626,
        "Dwn_m": 0.329565,
        "Wtm_m": 0.2286,
        "Wtn_m": 0.127,
        "l_s_m": 0.6553566896200518,
        "l_s_n": 0.6553566896200518,
        "Retractable": true,
        "PMW_N": 13823.725060914154,
        "PNW_N": 3539.8151781716942,
        "Xnw_m": 0.2,
        "Xmw_m": 4.833142048850664,
        "Tipback_angle_deg": 15,
        "Scrape_angle_deg": 15,
        "Nose_gear_distance": 0.4
    },
    "Stability": {
        "Cg_Aft": 0.35,
        "Cg_Front": 0.1,
        "Stability_Margin": 0.05,
        "X_cg_HS": 0.95,
        "C_L_h": -0.5,
        "C_L_AH": 1.72,
        "QCW_to_QCh": 8,
        "Xcg_prop_m": -0.1,
        "Xcg_engine_m": 1.15,
        "Xcg_motor_m": 0.42,
        "Xcg_battery_m": 5.6
    },
    "General": {
        "Paint": true,
        "N_pax": 7,
        "N_row": 3,
        "PoweredFlightControls": false,
        "DuplicatedFlightControls": false,
        "APU": false,
        "NacWght": false,
        "HydrPne": false
    },
    "CL2Weight": {
        "MTOW_N": 35223.40284903842,
        "Total Powerplant Weight": 5490.173046467871,
        "Total Structures Weight": 9135.792255170087,
        "Wing Weight": 4323.668594601035,
        "Empennage Weight": 526.7369275468812,
        "Fuselage Weight": 3167.5037192398386,
        "Nacelle Weight": 0.0,
        "Landing Gear Weight": 1096.3625830169567,
        "Total Fixed Equipment Weight": 3964.233245612786,
        "Flight Control Systems Weight": 723.0537648692962,
        "Hydraulics and/or Pneumatics Weight": 0.0,
        "Instruments, Avionics and Electronics Weight": 422.90039313423716,
        "Electrical System Weight": 842.3035948013109,
        "Airconditioning, Pressurization and Anti or Deicing Weight": 464.60185788243365,
        "Oxygen System Weight": 117.07719291469601,
        "APU Weight": 0.0,
        "Furnishings Weight": 1074.8619000432031,
        "Auxiliary Gear Weight": 193.6482555351607,
        "Paint Weight": 125.78628643244838,
        "OEW": 26503.576439129756,
        "Wbat_N": 6963.139301524177,
        "Wfuel_N": 2786.738409908664,
        "Wpl_w/o_pilot": 5933.088000000002,
        "W_pilot": 988.8480000000001,
        "Engine Weight": 3988.3536,
        "Propeller Weight": 988.848,
        "Electric Motor Weight": 384.552,
        "Passenger Mass": 84,
        "Luggage Mass": 16.8
    }
}