{
    "name": "final_design",
    "pretty_name": "Final Design",
    "Contingency": 1.2,
    "Contingency_C2W": 1.12,
    "Weights": {
        "MTOW_N": 31187.265300000003,
        "W_L_N": 28676.592000000004,
        "OEW_N": 21260.1339,
        "MFW_N": 1390,
        "Wbat_N": 6328.627200000001,
        "Ww_N": 2972.6262,
        "Wpl_des_kg": 630,
        "Wpl_max_kg": 720,
        "W_Pilot_N": 882.9,
        "Wptr_N": 1592.6535000000001,
        "Wfuel_N": 2510.6733000000004
    },
    "Iterations Class I": {
        "MTOW_kg": 2650,
        "A": 0.3632,
        "B": -81.896,
        "Aw": 0.09,
        "Bw": 14.018,
        "Wpl_des_kg": 630
    },
    "Power_prop": {
        "E_bat_Wh": 257295.50063119116,
        "E_fuel_Wh/kg": 11972,
        "E_bat_Wh/kg": 350,
        "P_ptr_kW/kg": 1.5,
        "eta_bat": 0.97,
        "eta_generator": 0.4,
        "DoD_bat": 0.8,
        "eta_electricmotor": 0.925,
        "eta_powertrain": 0.9216,
        "eta_p": 0.8500000000000001,
        "bat": 0.13,
        "P_req_cruise_W": 241262.9185485953,
        "K_n": 0.24,
        "int_fueltanks_fraction": 0,
        "N_e": 1,
        "N_t": 2,
        "P_req_TO_W": 301578.6481857441,
        "Dp_m": 2.286
    },
    "Geometry": {
        "fus_height_m": 2.2,
        "fus_length_m": 12.05,
        "fus_width_m": 1.8,
        "XLEMAC_m": 3.2128997460980817,
        "tail_length_m": 4.7,
        "l_f_nonosecone": 9.5,
        "fuselage_max_perimeter": 6.8,
        "w_engine": 0.85,
        "h_engine": 0.75,
        "l_engine": 1.1,
        "s_engine": 0.1,
        "h_battery": 0.2286,
        "h_tail": 2.52,
        "volume_battery": 0.7,
        "w_aisle": 0.381,
        "h_aisle": 1.524,
        "w_motor": 0.54,
        "l_motor": 0.176,
        "l_empty": 0.32,
        "t_spar_tip": 0.006944189477840185,
        "t_spar_root": 0.005378972722462206,
        "t_skin_wing": 0.001760777707100579,
        "spar_pos": [
            0.15,
            0.65
        ],
        "wing_stringer_area_m2": 0.000171,
        "wing_stringer_MOI_m4": 1.458e-08,
        "wing_stringer_thickness_m": 0.003,
        "wing_stringer_small_length_m": 0.03,
        "wing_rib_pos": [
            0.05,
            0.1,
            0.15,
            0.2,
            0.25,
            0.3,
            0.35,
            0.4,
            0.45,
            0.5,
            0.55,
            0.6,
            0.65,
            0.72,
            0.79,
            0.86,
            0.93,
            1
        ],
        "strut_loc_b/2": 0.6,
        "strut_loc_MAC": 0.25,
        "strut_section_area_m2": 0.005,
        "wing_stringer_number": [
            2,
            59,
            31
        ],
        "wing_stringer_sections": [
            0.4,
            0.3,
            0.3
        ],
        "wingbox_material": "Aluminium"
    },
    "Aero": {
        "CLmax_clean": 2.2,
        "CLmax_TO": 2.4000000000000004,
        "CLalpha": 6.24,
        "CD0": 0.028,
        "AR": 11.0,
        "AR_HS": 5,
        "AR_v": 1.7000000000000002,
        "e": 0.82,
        "Taper_Wing": 0.4,
        "Taper_HS": 0.4,
        "Taper_v": 0.45,
        "QuarterChordSweep_Wing_deg": 0,
        "QuarterChordSweep_HS_deg": 0,
        "QuarterChordSweep_v_deg": 25,
        "HalfChordSweep_Wing_deg": 3.297,
        "HalfChordSweep_v_deg": 28.23,
        "deda": 0,
        "VhV": 0.85,
        "S_Wing": 36.27269326905173,
        "S_h": 7.681369318347667,
        "S_v": 7.818988914810999,
        "tc_m_Wing": 0.1367,
        "tc_m_HP": 0.12,
        "b_Wing": 19.974974992714486,
        "b_h": 6.197325761305301,
        "b_v": 3.6458580821500304,
        "t_root_max_Wing": 0.46,
        "t_root_max_h": 0.3,
        "t_root_max_v": 0.3,
        "CLmax_Land": 2.6000000000000005,
        "c_root_wing": 2.5941525964564263,
        "c_tip_wing": 1.0376610385825706,
        "c_root_HS": 1.7706645032300865,
        "c_tip_HS": 0.7082658012920346,
        "MAC_wing": 1.9270847859390599,
        "MAC_HS": 1.3153507738280643,
        "Cm_0_wing": -0.20192,
        "cd_0_airfoil": 0.014,
        "cl_alpha_airfoil_deg": 0.123,
        "c_root_v": 2.958099863813412,
        "c_tip_v": 1.3311449387160355,
        "MAC_v": 2.2474758735409948,
        "MAC_y": 0.7962218800097768
    },
    "Flaps": {
        "cprime_c": 1.075,
        "Swf": 17.912441120519386,
        "delta_f": 45,
        "mu1_land": 0.19,
        "mu2_land": 0.75,
        "mu1_takeoff": 0.215,
        "mu2_takeoff": 0.75,
        "CL0": 1.4,
        "deflection_landing": 25,
        "deflection_takeoff": 10,
        "flap_start": 0.1801002254362557,
        "flap_end": 0.6357955394002702,
        "cf_c": 0.25,
        "cprime_c_landing": 1.023611111111111,
        "cprime_c_takeoff": 1.0094444444444444,
        "AoA_landing": 8.191806993186429,
        "AoA_takeoff": 9.007883023181657,
        "CL_AoA0_landing": 1.6917095209063666,
        "CL_AoA0_takeoff": 1.408131497298854,
        "deltaCLmax_land": 0.40000000000000036,
        "deltaCLmax_takeoff": 0.20000000000000018,
        "Sprime_S_landing": 1.0116598079561043,
        "Sprime_S_takeoff": 1.0046639231824417
    },
    "Aileron": {
        "start": 0.6857955394002703,
        "end": 0.95,
        "roll_rate_deg": 9.546406618238855,
        "roll_rate_rad": 0.1665317598959445,
        "CL_delta_a": 8.362375397348743e-05,
        "CL_P": -0.0422333591307271,
        "turn_time": 6.29,
        "hinge_position": 0.3,
        "Ch_0": 0.035,
        "C_h_alpha": -0.37809818050810134,
        "C_h_delta": -0.7260385705448097,
        "chord_a": 1.321101622714311,
        "surface_a": 1.0458126120639137,
        "d_aileron": 0.07906793211945151,
        "stick_arm": 0.6706380980641512
    },
    "Performance": {
        "W/S_N/m2": 859.8001,
        "W/P_N/W": 0.12065176979161106,
        "Vc_m/s": 60.0,
        "V_takeoff_m/s": 30.0,
        "M_D": 0.2556706628569902,
        "range_nm": 600,
        "endurance": 4.74871794871795,
        "climb_rate": 4.5,
        "CO2": 26.51,
        "CO2_emissions_kg/kg": 3.16,
        "Altitude_Cruise_m": 3000,
        "Altitude_TO_m": 750,
        "Altitude_Land_m": 750,
        "Temp_offset_TO_Land_cruise": 18,
        "n_ult": 5.5967762355792035,
        "n_ult_l": 5.361950662119178,
        "n_max": 3.5108371924435433,
        "n_min": -1.4043348769774173,
        "P_cruise/P_TO": 0.8,
        "Vh_m/s": 66.66666666666667
    },
    "Landing_gear": {
        "lm_m": 0.3256629114204424,
        "ln_m": 3.7451234813350887,
        "ymin_m": 1.2057144895811422,
        "Hs_m": 0.333756,
        "Dwm_m": 0.55626,
        "Dwn_m": 0.43561,
        "Wtm_m": 0.2286,
        "Wtn_m": 0.1524,
        "l_s_m": 0.333756,
        "l_s_n": 0.333756,
        "Retractable": true,
        "PMW_N": 16736.015000222633,
        "PNW_N": 2910.611304386544,
        "Xnw_m": 0.4,
        "Xmw_m": 5.437481549554446,
        "Tipback_angle_deg": 15,
        "Scrape_angle_deg": 15,
        "Nose_gear_distance": 0.8
    },
    "Stability": {
        "Cg_Aft": 0.9444168419265235,
        "Cg_Front": 0.6509382017044565,
        "Stability_Margin": 0.05,
        "X_cg_HS": 0.95,
        "C_L_h": -0.5,
        "C_L_AH": 1.72,
        "QCW_to_QCh": 7.1866265572568295,
        "Xcg_prop_m": -0.1,
        "Xcg_engine_m": 1.15,
        "Xcg_motor_m": 0.42,
        "Xcg_battery_m": 7.266400000000004,
        "i_H_deg": 0,
        "Elevator_deflection_deg": 25,
        "Hinge_chord_elevator": 0.7,
        "be_bh": 1.0
    },
    "General": {
        "Paint": true,
        "N_pax": 7,
        "N_row": 3,
        "PoweredFlightControls": false,
        "DuplicatedFlightControls": false,
        "APU": false,
        "NacWght": false,
        "HydrPne": false
    },
    "CL2Weight": {
        "MTOW_N": 36382.641304831806,
        "Total Powerplant Weight": 5490.173046467871,
        "Total Structures Weight": 9810.75363858566,
        "Wing Weight": 4384.175928331596,