{
    "name": "final_design",
    "pretty_name": "Final Design",
    "Contingency": 1.2,
    "Contingency_C2W": 1.12,
    "Weights": {
        "MTOW_N": 31197.1734,
        "W_L_N": 28787.1507,
        "OEW_N": 21370.692600000002,
        "MFW_N": 1390,
        "WF_N": 1922,
        "Wbat_N": 6503.049,
        "Ww_N": 2972.6262,
        "Wpl_des_kg": 630,
        "Wpl_max_kg": 720,
        "W_Pilot_N": 882.9,
        "Wptr_N": 1528.7904,
        "Wfuel_N": 2410.0227
    },
    "Iterations Class I": {
        "MTOW_kg": 2650,
        "A": 0.3632,
        "B": -81.896,
        "Aw": 0.09,
        "Bw": 14.018,
        "Wpl_des_kg": 630
    },
    "Power_prop": {
        "E_bat_Wh": 166547.356561833,
        "E_fuel_Wh/kg": 11972,
        "E_bat_Wh/kg": 350,
        "P_ptr_kW/kg": 1.5,
        "eta_bat": 0.97,
        "eta_generator": 0.4,
        "DoD_bat": 0.8,
        "eta_electricmotor": 0.925,
        "eta_powertrain": 0.9216,
        "eta_p": 0.8500000000000001,
        "bat": 0.14,
        "P_req_cruise_W": 185830.29301253043,
        "P_TO": 230000,
        "K_n": 0.24,
        "int_fueltanks_fraction": 0,
        "N_e": 1,
        "N_t": 2,
        "P_req_TO_W": 232287.866265663
    },
    "Geometry": {
        "fus_height_m": 1.8,
        "fus_length_m": 12.05,
        "fus_width_m": 1.6,
        "MGC_m": 1.93,
        "XLEMAC_m": 3.450526018238223,
        "tail_length_m": 5.0,
        "l_f_nonosecone": 9.5,
        "fuselage_max_perimeter": 6.8
    },
    "Aero": {
        "CLmax_clean": 1.8,
        "CLmax_TO": 2.6000000000000005,
        "CLalpha": 6.24,
        "CD0": 0.028,
        "AR": 11.5,
        "AR_HS": 5,
        "AR_v": 2,
        "e": 0.82,
        "Taper_Wing": 0.4,
        "Taper_HS": 0.4,
        "QuarterChordSweep_Wing_deg": 0,
        "QuarterChordSweep_HS_deg": 30,
        "QuarterChordSweep_v_deg": 25,
        "HalfChordSweep_Wing_deg": 3.297,
        "HalfChordSweep_v_deg": 28.23,
        "deda": 0,
        "VhV": 1,
        "S_Wing": 41.67,
        "S_h": 5.1,
        "S_v": 3.168,
        "tc_m_Wing": 0.1367,
        "tc_m_HP": 0.12,
        "b_Wing": 17.61,
        "b_h": 5.051,
        "b_v": 2.518,
        "t_root_max_Wing": 0.46,
        "t_root_max_h": 0.3,
        "t_root_max_v": 0.3,
        "CLmax_Land": 2.8000000000000007,
        "MAC": 1.8398920272392012,
        "c_root_wing": 2.4767777289758475,
        "c_tip_wing": 0.990711091590339,
        "c_root_HS": 1.304279591434566,
        "c_tip_HS": 0.5217118365738264,
        "MAC_wing": 1.8398920272392012,
        "MAC_HS": 0.9688934107799633
    },
    "Performance": {
        "W/S_N/m2": 902.5001,
        "W/P_N/W": 0.1245321433859988,
        "Vc_m/s": 60.0,
        "VH_m/s": 50,
        "M_D": 0.2556706628569902,
        "range_nm": 600,
        "endurance": 4.74871794871795,
        "climb_rate": 4.5,
        "CO2": 31.35,
        "CO2_emissions_kg/kg": 3.16,
        "Altitude_Cruise_m": 3000,
        "Altitude_TO_m": 750,
        "Altitude_Land_m": 750,
        "Temp_offset_TO_Land_cruise": 18,
        "n_ult": 5.445743422251001,
        "n_ult_l": 5.265978724142152,
        "n_max": 3.5106524827614347,
        "n_min": -1.404260993104574,
        "P_cruise/P_TO": 0.8,
        "Vh_m/s": 66.66666666666667,
        "rho_kg/m3": 0.9
    },
    "Landing_gear": {
        "lm_m": 0.5410734615335436,
        "ln_m": 4.126614860228223,
        "ymin_m": 1.5775317691739443,
        "Hs_m": 0.7088070605407869,
        "Dwm_m": 0.55626,
        "Dwn_m": 0.329565,
        "Wtm_m": 0.2286,
        "Wtn_m": 0.127,
        "l_s_m": 0.7088070605407869,
        "l_s_n": 0.7088070605407869,
        "Retractable": true,
        "PMW_N": 13790.415134334167,
        "PNW_N": 3616.3431313316646,
        "Xnw_m": 0.2,
        "Xmw_m": 4.868624725686156
    },
    "Stability": {
        "Cg_Aft": 0.4780030397117636,
        "Cg_Front": 0.21168306400359335,
        "Stability_Margin": 0.05,
        "XLEMAC_m": 3.450526018238223,
        "X_cg_HS": 0.95,
        "C_L_h": -0.5,
        "C_L_AH": 1.72,
        "QCW_to_QCh": 6
    },
    "General": {
        "Paint": true,
        "N_pax": 7,
        "N_row": 3,
        "PoweredFlightControls": false,
        "DuplicatedFlightControls": false,
        "APU": false,
        "NacWght": false,
        "HydrPne": false
    },
    "CL2Weight": {
        "MTOW_N": 28927.305868623258,
        "Wbat_N": 1370.9942773054227,
        "Wfuel_N": 508.09941720007293,
        "Wpl": 705.6,
        "Total Structures Weight": 8666.480188015285,
        "Wing Weight": 4613.663180924766,
        "Empennage Weight": 497.82597901978056,
        "Fuselage Weight": 3026.744106563445,
        "Nacelle Weight": 0.0,
        "Landing Gear Weight": 501.314873209719,
        "Total Powerplant Weight": 5490.173046467871,
        "Total Fixed Equipment Weight": 4823.410026006201,
        "Flight Control Systems Weight": 715.6954659466518,
        "Hydraulics and/or Pneumatics Weight": 0.0,
        "Instruments, Avionics and Electronics Weight": 1150.843896310416,
        "Electrical System Weight": 905.1592511116968,
        "Airconditioning, Pressurization and Anti or Deicing Weight": 539.0201174469303,
        "Oxygen System Weight": 117.07719291469601,
        "APU Weight": 0.0,
        "Furnishings Weight": 1070.347938515082,
        "Auxiliary Gear Weight": 201.26276165369788,
        "Paint Weight": 124.00340210703162,
        "OEW": 19923.504742478985
    }
}