{
    "name": "final_design",
    "pretty_name": "Final Design",
    "Contingency": 1.2,
    "Weights": {
        "MTOW_N": 25753,
        "OEW_N": 17651,
        "MFW_N": 1390,
        "WF_N": 1922,
        "Wbat_N": 5094,
        "Ww_N": 2477,
        "Wpl_des_kg": 630,
        "Wpl_max_kg": 720
    },
    "Iterations Class I": {
        "MTOW_kg": 2650.285,
        "A": 0.3632,
        "B": -81.896,
        "Aw": 0.09,
        "Bw": 14.018,
        "Wpl_des_kg": 630
    },
    "Power_prop": {
        "E_bat_Wh": 179328.0736944649,
        "E_fuel_Wh/kg": 11972,
        "E_bat_Wh/kg": 350,
        "P_ptr_kW/kg": 1.5,
        "eta_bat": 0.97,
        "eta_generator": 0.43,
        "DoD_bat": 0.8,
        "eta_electricmotor": 0.925,
        "eta_powertrain": 0.9216,
        "eta_p": 0.8500000000000001,
        "bat": 0.163,
        "P_req_cruise_W": 185342.19014652717,
        "P_req_TO_W": 231677.73768315895,
        "E_bat_wh": 22079.55432603359
    },
    "Geometry": {
        "fus_height_m": 1.8,
        "fus_length_m": 10.09,
        "MGC_m": 1.93,
        "XLEMAC_m": 2.8242657159466105
    },
    "Aero": {
        "CLmax_clean": 1.6,
        "CLmax_land": 2.5,
        "CLmax_TO": 2.6000000000000005,
        "CLalpha": 6.24,
        "CD0": 0.027999999999999997,
        "AR": 17.5,
        "AR_HS": 5,
        "e": 0.82,
        "Taper_Wing": 0.4,
        "Taper_HS": 0.4,
        "QuarterChordSweep_Wing_deg": 0,
        "QuarterChordSweep_HS_deg": 30,
        "deda": 0,
        "VhV": 1,
        "CLmax_Land": 2.0
    },
    "Performance": {
        "W/S_N/m2": 836.4001000000001,
        "W/P_N/W": 0.1345174630075089,
        "Vc_m/s": 60.0,
        "range_nm": 600,
        "endurance": 4.74871794871795,
        "climb_rate": 4.5,
        "CO2": 46.89,
        "CO2_emissions_kg/kg": 3.16,
        "Altitude_Cruise_m": 3000,
        "Altitude_TO_m": 1800,
        "Altitude_Land_m:": 1800,
        "P_cruise/P_TO": 0.8
    },
    "Landing_gear": {
        "lm_m": 0.5637543829073849,
        "ln_m": 2.5368947230832317,
        "ymin_m": 2.211731286364467,
        "Hs_m": 0.9029699999999999,
        "Dwm_m": 0.60198,
        "Dwn_m": 0.3302,
        "Wtm_m": 0.1905,
        "Wtn_m": 0.127
    },
    "Stability": {
        "Cg_Aft": 0.7104031604170112,
        "Cg_Front": 0.3694096434168459,
        "Stability_Margin": 0.05,
        "XLEMAC_m": 2.69,
        "X_cg_HS": 0.95,
        "C_L_h": -0.5,
        "C_L_AH": 1.72
    },
    "endurance": 4.899470899470899
}