{
    "name": "final_design",
    "pretty_name": "Final Design",
    "Contingency": 1.2,
    "Contingency_C2W": 1.12,
    "Weights": {
        "MTOW_N": 31166.860500000003,
        "W_L_N": 28813.049100000004,
        "OEW_N": 10367.5023,
        "MFW_N": 1390,
        "WF_N": 1922,
        "Wbat_N": 6563.1843,
        "Ww_N": 2972.9205,
        "Wpl_des_kg": 630,
        "Wpl_max_kg": 720,
        "W_Pilot_N": 882.9,
        "Wptr_N": 1493.0819999999999,
        "Wfuel_N": 2353.8114
    },
    "Iterations Class I": {
        "MTOW_kg": 31166.860500000003,
        "A": 0.3632,
        "B": -81.896,
        "Aw": 0.09,
        "Bw": 14.018,
        "Wpl_des_kg": 630
    },
    "Power_prop": {
        "E_bat_Wh": 328618.7057077813,
        "E_fuel_Wh/kg": 11972,
        "E_bat_Wh/kg": 350,
        "P_ptr_kW/kg": 1.5,
        "eta_bat": 0.97,
        "eta_generator": 0.4,
        "DoD_bat": 0.8,
        "eta_electricmotor": 0.925,
        "eta_powertrain": 0.9216,
        "eta_p": 0.8500000000000001,
        "bat": 0.14400000000000002,
        "P_req_cruise_W": 196435.90554702544,
        "P_TO": 230000,
        "K_n": 0.24,
        "int_fueltanks_fraction": 0,
        "N_e": 1,
        "N_t": 2,
        "P_req_TO_W": 245544.88193378175
    },
    "Geometry": {
        "fus_height_m": 1.8,
        "fus_length_m": 12.05,
        "fus_width_m": 1.6,
        "MGC_m": 1.93,
        "XLEMAC_m": 4.4146969599526535,
        "tail_length_m": 5.0,
        "l_f_nonosecone": 9.5,
        "fuselage_max_perimeter": 6.8
    },
    "Aero": {
        "CLmax_clean": 1.6,
        "CLmax_land": 2.5,
        "CLmax_TO": 2.6000000000000005,
        "CLalpha": 6.24,
        "CD0": 0.028,
        "AR": 12.5,
        "AR_HS": 5,
        "AR_v": 2,
        "e": 0.82,
        "Taper_Wing": 0.4,
        "Taper_HS": 0.4,
        "QuarterChordSweep_Wing_deg": 0,
        "QuarterChordSweep_HS_deg": 30,
        "QuarterChordSweep_v_deg": 25,
        "HalfChordSweep_Wing_deg": 3.297,
        "HalfChordSweep_v_deg": 28.23,
        "deda": 0,
        "VhV": 1,
        "S_Wing": 41.67,
        "S_h": 5.1,
        "S_v": 3.168,
        "tc_m_Wing": 0.1367,
        "tc_m_HP": 0.12,
        "b_Wing": 17.61,
        "b_h": 5.051,
        "b_v": 2.518,
        "t_root_max_Wing": 0.46,
        "t_root_max_h": 0.3,
        "t_root_max_v": 0.3,
        "CLmax_Land": 2.2
    },
    "Performance": {
        "W/S_N/m2": 885.7001,
        "W/P_N/W": 0.126929469684416,
        "Vc_m/s": 60.0,
        "VH_m/s": 50,
        "M_D": 0.2,
        "range_nm": 600,
        "endurance": 4.74871794871795,
        "climb_rate": 4.5,
        "CO2": 33.09,
        "CO2_emissions_kg/kg": 3.16,
        "Altitude_Cruise_m": 3000,
        "Altitude_TO_m": 1800,
        "Altitude_Land_m:": 1800,
        "n_ult": 6,
        "P_cruise/P_TO": 0.8
    },
    "Landing_gear": {
        "lm_m": 0.461783029207761,
        "ln_m": 5.057841864746717,
        "ymin_m": 1.2623336701597805,
        "Hs_m": 0.43226568260405684,
        "Dwm_m": 0.55626,
        "Dwn_m": 0.329565,
        "Wtm_m": 0.2286,
        "Wtn_m": 0.127,
        "l_s_m": 1,
        "l_s_n": 1,
        "Retractable": true,
        "PMW_N": 14279.688824713176,
        "PNW_N": 2607.4828505736523,
        "Xnw_m": 0.1999981310091936,
        "Xmw_m": 5.7196230249636715
    },
    "Stability": {
        "Cg_Aft": 0.47474127525363014,
        "Cg_Front": 0.21639488789834735,
        "Stability_Margin": 0.05,
        "XLEMAC_m": 4.4146969599526535,
        "X_cg_HS": 0.95,
        "C_L_h": -0.5,
        "C_L_AH": 1.72,
        "QCW_to_QCh": 6.9
    },
    "General": {
        "Paint": true,
        "N_pax": 7,
        "N_row": 3,
        "PoweredFlightControls": false,
        "DuplicatedFlightControls": false,
        "APU": false
    },
    "CL2Weight": {
        "MTOW_N": 34381.07672050589,
        "Total Structures Weight": 11183.94819603474,
        "Wing Weight": 5872.579741239052,
        "Empennage Weight": 560.5883918699249,
        "Fuselage Weight": 3210.1098521152826,
        "Nacelle Weight": 293.76465995179086,
        "Landing Gear Weight": 1246.905550858692,
        "Total Powerplant Weight": 3985.6065673088,
        "Total Fixed Equipment Weight": 5449.739519523991,
        "Flight Control Systems Weight": 848.3388363991432,
        "Hydraulics and/or Pneumatics Weight": 314.1619537034482,
        "Instruments, Avionics and Electronics Weight": 1150.843896310416,
        "Electrical System Weight": 1013.735749587754,
        "Airconditioning, Pressurization and Anti or Deicing Weight": 592.9397192971128,
        "Oxygen System Weight": 117.07719291469601,
        "APU Weight": 0.0,
        "Furnishings Weight": 1149.3336487458675,
        "Auxiliary Gear Weight": 106.22754571382775,
        "Paint Weight": 157.08097685172407,
        "OEW": 21608.14228286753
    }
}