{
  "Cm_0": -0.20192,
  "C_L_Alpha": 0.11975,

}